slug,title,category,topic
composite-vs-timber-decking,Composite vs Timber Decking: Which Should You Choose?,Decking,Materials
how-to-build-a-decking-subframe,How to Build a Decking Subframe,Decking,Installation
best-decking-oils-stains,Best Decking Oils and Stains for 2025,Decking,Maintenance
closeboard-vs-lap-panel,Closeboard vs Lap Panel Fencing,Fencing,Types
how-to-install-fence-posts,How to Install Fence Posts in Concrete,Fencing,Installation
garden-privacy-fencing,Garden Privacy Solutions with Fencing,Fencing,Design
railway-sleepers-garden,How to Lay Railway Sleepers in the Garden,Landscaping,Sleepers
types-of-bricks,A Guide to Different Types of Bricks,Building,Bricks
insulation-buying-guide,Insulation Buying Guide for Homeowners,Building,Insulation
treated-vs-untreated-timber,Treated vs Untreated Timber – Which to Choose,Timber,Treatment
timber-grading-explained,Timber Grading Explained: C16 vs C24,Timber,Grading
flat-roofing-guide,Felt vs Membrane Flat Roofing,Roofing,Materials
